-- Patch 0031: Redesign the export-side model migration tables.
--
-- The flat model_migration table introduced in patch 0011 mixed target
-- credentials, phase tracking and status into a single row, and was paired
-- with model_migration_status / model_migration_user / model_migration_minion_sync
-- siblings whose relationships were not enforced.
--
-- The export and import sides of a model migration are deeply asymmetric. The
-- target's view of an in-progress import is already captured by
-- model_migration_import (patch 0027). The source side, by contrast, runs a
-- multi-phase orchestration with target controller info, status messages and
-- minion reports. This patch normalises the source side into:
--
--   model_migration_phase                -- lookup of export-side phases
--   model_migration_export               -- one row per export attempt
--   model_migration_export_target_auth   -- per-migration target controller creds
--   model_migration_export_phase         -- phase entry history (1 per phase)
--   model_migration_export_status        -- status message history (N per phase)
--   model_migration_export_minion_sync   -- minion phase reports
--
-- The same migration uuid is generated by the source and propagated to the
-- target with the export payload, so both sides can be correlated.

-- Drop the changestream triggers attached to the legacy tables before
-- dropping the tables themselves.
DROP TRIGGER trg_log_model_migration_status_insert;
DROP TRIGGER trg_log_model_migration_status_update;
DROP TRIGGER trg_log_model_migration_status_delete;
DROP TRIGGER trg_log_model_migration_minion_sync_insert;
DROP TRIGGER trg_log_model_migration_minion_sync_update;
DROP TRIGGER trg_log_model_migration_minion_sync_delete;

DROP TABLE model_migration_minion_sync;
DROP TABLE model_migration_user;
DROP TABLE model_migration_status;
DROP TABLE model_migration;

-- Lookup of export-side migration phases. Mirrors core/migration/phase.go,
-- minus UNKNOWN/NONE (code-only sentinels never written to the DB) and
-- PROCESSRELATIONS (vestigial phase with no actions attached).
CREATE TABLE model_migration_phase (
    id INT NOT NULL PRIMARY KEY,
    name TEXT NOT NULL
);

CREATE UNIQUE INDEX idx_model_migration_phase_name
ON model_migration_phase (name);

INSERT INTO model_migration_phase VALUES
(1, 'quiesce'),
(2, 'import'),
(3, 'validation'),
(4, 'success'),
(5, 'logtransfer'),
(6, 'reap'),
(7, 'reapfailed'),
(8, 'done'),
(9, 'abort'),
(10, 'abortdone');

-- One row per export migration attempt for a model. There is no attempt
-- counter: a retry is just a new migration with a new uuid.
--
-- current_phase_id and phase_changed_at are denormalised from
-- model_migration_export_phase so that watchers and "is this migration
-- active?" queries do not have to aggregate the history table on every
-- read. The history table remains the source of truth.
CREATE TABLE model_migration_export (
    uuid TEXT NOT NULL PRIMARY KEY,
    model_uuid TEXT NOT NULL,
    target_controller_uuid TEXT NOT NULL,
    current_phase_id INT NOT NULL,
    phase_changed_at TIMESTAMP NOT NULL,
    start_time TIMESTAMP NOT NULL,
    end_time TIMESTAMP,
    CONSTRAINT fk_model_migration_export_model
    FOREIGN KEY (model_uuid)
    REFERENCES model (uuid),
    CONSTRAINT fk_model_migration_export_target_controller
    FOREIGN KEY (target_controller_uuid)
    REFERENCES external_controller (uuid),
    CONSTRAINT fk_model_migration_export_current_phase
    FOREIGN KEY (current_phase_id)
    REFERENCES model_migration_phase (id)
);

-- At most one active (non-terminal) export migration per model.
CREATE UNIQUE INDEX idx_model_migration_export_active_model
ON model_migration_export (model_uuid)
WHERE end_time IS NULL;

CREATE INDEX idx_model_migration_export_model
ON model_migration_export (model_uuid);

-- Per-migration authentication credentials for connecting to the target
-- controller. Held separately from external_controller because credentials
-- are per-migration (they may be rotated, scoped, or JIMM-issued tokens)
-- and external_controller is shared with the cross-model relations domain
-- whose connections do not use user-supplied credentials.
--
-- The dual FK (migration + external_controller) makes the relationship
-- explicit: a row here means "credentials for this migration to connect
-- to that external controller". The service layer is responsible for
-- ensuring the external_controller_uuid here matches the
-- target_controller_uuid on the parent model_migration_export row.
CREATE TABLE model_migration_export_target_auth (
    migration_uuid TEXT NOT NULL PRIMARY KEY,
    external_controller_uuid TEXT NOT NULL,
    target_user TEXT NOT NULL,
    target_password TEXT,
    target_macaroons TEXT,
    target_token TEXT,
    target_skip_user_checks BOOLEAN NOT NULL DEFAULT FALSE,
    CONSTRAINT fk_model_migration_export_target_auth_migration
    FOREIGN KEY (migration_uuid)
    REFERENCES model_migration_export (uuid),
    CONSTRAINT fk_model_migration_export_target_auth_external_controller
    FOREIGN KEY (external_controller_uuid)
    REFERENCES external_controller (uuid)
);

-- Time-ordered record of which phases an export migration has entered.
-- Each phase is entered at most once per migration, so (migration_uuid,
-- phase_id) is the natural key.
CREATE TABLE model_migration_export_phase (
    migration_uuid TEXT NOT NULL,
    phase_id INT NOT NULL,
    changed_at TIMESTAMP NOT NULL,
    PRIMARY KEY (migration_uuid, phase_id),
    CONSTRAINT fk_model_migration_export_phase_migration
    FOREIGN KEY (migration_uuid)
    REFERENCES model_migration_export (uuid),
    CONSTRAINT fk_model_migration_export_phase_phase
    FOREIGN KEY (phase_id)
    REFERENCES model_migration_phase (id)
);

CREATE INDEX idx_model_migration_export_phase_changed_at
ON model_migration_export_phase (migration_uuid, changed_at);

-- Free-form status messages reported by the migration master. Multiple
-- messages may be recorded within a single phase, hence a separate table
-- from model_migration_export_phase.
CREATE TABLE model_migration_export_status (
    uuid TEXT NOT NULL PRIMARY KEY,
    migration_uuid TEXT NOT NULL,
    message TEXT NOT NULL,
    recorded_at TIMESTAMP NOT NULL,
    CONSTRAINT fk_model_migration_export_status_migration
    FOREIGN KEY (migration_uuid)
    REFERENCES model_migration_export (uuid)
);

CREATE INDEX idx_model_migration_export_status_recorded_at
ON model_migration_export_status (migration_uuid, recorded_at);

-- Reports submitted by minion agents (machines/units) confirming or
-- failing the work for a given phase. entity_key is the agent's tag-like
-- identifier (e.g. "machine-0", "unit-foo-0").
CREATE TABLE model_migration_export_minion_sync (
    migration_uuid TEXT NOT NULL,
    phase_id INT NOT NULL,
    entity_key TEXT NOT NULL,
    success BOOLEAN NOT NULL,
    reported_at TIMESTAMP NOT NULL,
    PRIMARY KEY (migration_uuid, phase_id, entity_key),
    CONSTRAINT fk_model_migration_export_minion_sync_migration
    FOREIGN KEY (migration_uuid)
    REFERENCES model_migration_export (uuid),
    CONSTRAINT fk_model_migration_export_minion_sync_phase
    FOREIGN KEY (phase_id)
    REFERENCES model_migration_phase (id)
);

-- Add changelog triggers for the replacement export-side migration tables in
-- this post-patch. The legacy migration trigger functions are still applied
-- before this patch so the old triggers can be dropped above.
-- 
-- sqlfluff doesn't support TRIGGER statements
-- noqa: disable=all

-- insert namespace for ModelMigrationExport
INSERT INTO change_log_namespace VALUES (10019, 'model_migration_export', 'ModelMigrationExport changes based on model_uuid');

-- insert trigger for ModelMigrationExport
CREATE TRIGGER trg_log_model_migration_export_insert
AFTER INSERT ON model_migration_export FOR EACH ROW
BEGIN
    INSERT INTO change_log (edit_type_id, namespace_id, changed, created_at)
    VALUES (1, 10019, NEW.model_uuid, DATETIME('now', 'utc'));
END;

-- update trigger for ModelMigrationExport
CREATE TRIGGER trg_log_model_migration_export_update
AFTER UPDATE ON model_migration_export FOR EACH ROW
WHEN
    NEW.uuid != OLD.uuid OR
    NEW.model_uuid != OLD.model_uuid OR
    NEW.target_controller_uuid != OLD.target_controller_uuid OR
    NEW.current_phase_id != OLD.current_phase_id OR
    NEW.phase_changed_at != OLD.phase_changed_at OR
    NEW.start_time != OLD.start_time OR
    (NEW.end_time != OLD.end_time OR (NEW.end_time IS NOT NULL AND OLD.end_time IS NULL) OR (NEW.end_time IS NULL AND OLD.end_time IS NOT NULL))
BEGIN
    INSERT INTO change_log (edit_type_id, namespace_id, changed, created_at)
    VALUES (2, 10019, OLD.model_uuid, DATETIME('now', 'utc'));
END;

-- delete trigger for ModelMigrationExport
CREATE TRIGGER trg_log_model_migration_export_delete
AFTER DELETE ON model_migration_export FOR EACH ROW
BEGIN
    INSERT INTO change_log (edit_type_id, namespace_id, changed, created_at)
    VALUES (4, 10019, OLD.model_uuid, DATETIME('now', 'utc'));
END;

-- insert namespace for ModelMigrationExportPhase
INSERT INTO change_log_namespace VALUES (10020, 'model_migration_export_phase', 'ModelMigrationExportPhase changes based on migration_uuid');

-- insert trigger for ModelMigrationExportPhase
CREATE TRIGGER trg_log_model_migration_export_phase_insert
AFTER INSERT ON model_migration_export_phase FOR EACH ROW
BEGIN
    INSERT INTO change_log (edit_type_id, namespace_id, changed, created_at)
    VALUES (1, 10020, NEW.migration_uuid, DATETIME('now', 'utc'));
END;

-- update trigger for ModelMigrationExportPhase
CREATE TRIGGER trg_log_model_migration_export_phase_update
AFTER UPDATE ON model_migration_export_phase FOR EACH ROW
WHEN
    NEW.migration_uuid != OLD.migration_uuid OR
    NEW.phase_id != OLD.phase_id OR
    NEW.changed_at != OLD.changed_at
BEGIN
    INSERT INTO change_log (edit_type_id, namespace_id, changed, created_at)
    VALUES (2, 10020, OLD.migration_uuid, DATETIME('now', 'utc'));
END;

-- delete trigger for ModelMigrationExportPhase
CREATE TRIGGER trg_log_model_migration_export_phase_delete
AFTER DELETE ON model_migration_export_phase FOR EACH ROW
BEGIN
    INSERT INTO change_log (edit_type_id, namespace_id, changed, created_at)
    VALUES (4, 10020, OLD.migration_uuid, DATETIME('now', 'utc'));
END;

-- insert namespace for ModelMigrationExportStatus
INSERT INTO change_log_namespace VALUES (10021, 'model_migration_export_status', 'ModelMigrationExportStatus changes based on migration_uuid');

-- insert trigger for ModelMigrationExportStatus
CREATE TRIGGER trg_log_model_migration_export_status_insert
AFTER INSERT ON model_migration_export_status FOR EACH ROW
BEGIN
    INSERT INTO change_log (edit_type_id, namespace_id, changed, created_at)
    VALUES (1, 10021, NEW.migration_uuid, DATETIME('now', 'utc'));
END;

-- update trigger for ModelMigrationExportStatus
CREATE TRIGGER trg_log_model_migration_export_status_update
AFTER UPDATE ON model_migration_export_status FOR EACH ROW
WHEN
    NEW.uuid != OLD.uuid OR
    NEW.migration_uuid != OLD.migration_uuid OR
    NEW.message != OLD.message OR
    NEW.recorded_at != OLD.recorded_at
BEGIN
    INSERT INTO change_log (edit_type_id, namespace_id, changed, created_at)
    VALUES (2, 10021, OLD.migration_uuid, DATETIME('now', 'utc'));
END;

-- delete trigger for ModelMigrationExportStatus
CREATE TRIGGER trg_log_model_migration_export_status_delete
AFTER DELETE ON model_migration_export_status FOR EACH ROW
BEGIN
    INSERT INTO change_log (edit_type_id, namespace_id, changed, created_at)
    VALUES (4, 10021, OLD.migration_uuid, DATETIME('now', 'utc'));
END;

-- insert namespace for ModelMigrationExportMinionSync
INSERT INTO change_log_namespace VALUES (10022, 'model_migration_export_minion_sync', 'ModelMigrationExportMinionSync changes based on migration_uuid');

-- insert trigger for ModelMigrationExportMinionSync
CREATE TRIGGER trg_log_model_migration_export_minion_sync_insert
AFTER INSERT ON model_migration_export_minion_sync FOR EACH ROW
BEGIN
    INSERT INTO change_log (edit_type_id, namespace_id, changed, created_at)
    VALUES (1, 10022, NEW.migration_uuid, DATETIME('now', 'utc'));
END;

-- update trigger for ModelMigrationExportMinionSync
CREATE TRIGGER trg_log_model_migration_export_minion_sync_update
AFTER UPDATE ON model_migration_export_minion_sync FOR EACH ROW
WHEN
    NEW.migration_uuid != OLD.migration_uuid OR
    NEW.phase_id != OLD.phase_id OR
    NEW.entity_key != OLD.entity_key OR
    NEW.success != OLD.success OR
    NEW.reported_at != OLD.reported_at
BEGIN
    INSERT INTO change_log (edit_type_id, namespace_id, changed, created_at)
    VALUES (2, 10022, OLD.migration_uuid, DATETIME('now', 'utc'));
END;

-- delete trigger for ModelMigrationExportMinionSync
CREATE TRIGGER trg_log_model_migration_export_minion_sync_delete
AFTER DELETE ON model_migration_export_minion_sync FOR EACH ROW
BEGIN
    INSERT INTO change_log (edit_type_id, namespace_id, changed, created_at)
    VALUES (4, 10022, OLD.migration_uuid, DATETIME('now', 'utc'));
END;
-- noqa: enable=all
