-- Patch 0031: Redesign the export-side model migration tables.
--
-- The flat model_migration table introduced in patch 0011 mixed target
-- credentials, phase tracking and status into a single row, and was paired
-- with model_migration_status / model_migration_user / model_migration_minion_sync
-- siblings whose relationships were not enforced.
--
-- The export and import sides of a model migration are deeply asymmetric. The
-- target's view of an in-progress import is already captured by
-- model_migration_import (patch 0027). This patch extends that target-side
-- import claim and normalises the source side into:
--
--   model_migration_phase                -- lookup of export-side phases
--   model_migration_export               -- one row per export attempt
--   model_migration_export_target_auth   -- per-migration target controller creds
--   model_migration_export_phase         -- phase entry history (1 per phase)
--   model_migration_export_status        -- status message history (N per phase)
--   model_migration_export_minion_sync   -- minion phase reports
--   model_migration_export_offer         -- hosted offer UUIDs captured
--   model_migration_redirect             -- durable post-REAP redirect snapshot
--   model_migration_redirect_user        -- captured model user access
--
-- The same migration uuid is generated by the source and propagated to the
-- target with the export payload, so both sides can be correlated.

-- Drop the changestream triggers attached to the legacy tables before
-- dropping the tables themselves.
DROP TRIGGER trg_log_model_migration_status_insert;
DROP TRIGGER trg_log_model_migration_status_update;
DROP TRIGGER trg_log_model_migration_status_delete;
DROP TRIGGER trg_log_model_migration_minion_sync_insert;
DROP TRIGGER trg_log_model_migration_minion_sync_update;
DROP TRIGGER trg_log_model_migration_minion_sync_delete;

DROP TABLE model_migration_minion_sync;
DROP TABLE model_migration_user;
DROP TABLE model_migration_status;
DROP TABLE model_migration;

-- Extend the target-side import claim from patch 0027 without rewriting that
-- already-released patch. Existing rows are old in-flight imports; copy their
-- import UUID into source_migration_uuid so the new NOT NULL diagnostic column
-- is non-empty after upgrade.
DROP VIEW v_model_state;

DROP INDEX idx_model_migration_import;

ALTER TABLE model_migration_import RENAME TO model_migration_import_old;

CREATE TABLE model_migration_import (
    uuid TEXT NOT NULL PRIMARY KEY,
    model_uuid TEXT NOT NULL,
    source_migration_uuid TEXT NOT NULL,
    phase TEXT NOT NULL DEFAULT 'importing' CHECK (phase IN ('importing', 'activating', 'aborting')),
    updated_at TEXT NOT NULL DEFAULT (DATETIME('now', 'utc'))
);

INSERT INTO model_migration_import (
    uuid,
    model_uuid,
    source_migration_uuid,
    phase,
    updated_at
)
SELECT
    uuid,
    model_uuid,
    uuid AS source_migration_uuid,
    'importing' AS phase,
    DATETIME('now', 'utc') AS updated_at
FROM model_migration_import_old;

DROP TABLE model_migration_import_old;

CREATE UNIQUE INDEX idx_model_migration_import
ON model_migration_import (model_uuid);

CREATE TABLE model_migration_import_offer (
    migration_uuid TEXT NOT NULL,
    offer_uuid TEXT NOT NULL,
    PRIMARY KEY (migration_uuid, offer_uuid),
    CONSTRAINT fk_model_migration_import_offer_migration
    FOREIGN KEY (migration_uuid)
    REFERENCES model_migration_import (uuid)
    ON DELETE CASCADE
);

-- Durable handoff from v8 Import to Activate for third-party cross-model
-- relations. Import populates one row per offerer model UUID on a third-party
-- controller consumed by this model's CMRs (from
-- envelope.ExternalControllers[].ConsumedModels) once the external_controller
-- row has been accepted. Activate reads these rows to set the offerer
-- controller for each offerer model without depending on the original import
-- envelope still being in memory after a controller restart. ON DELETE CASCADE
-- removes the mappings when the import claim is deleted by activation success
-- or abort finalization.
CREATE TABLE model_migration_import_external_controller_model (
    migration_uuid TEXT NOT NULL,
    offerer_model_uuid TEXT NOT NULL,
    controller_uuid TEXT NOT NULL,
    PRIMARY KEY (migration_uuid, offerer_model_uuid),
    CONSTRAINT fk_model_migration_import_ecm_migration
    FOREIGN KEY (migration_uuid)
    REFERENCES model_migration_import (uuid)
    ON DELETE CASCADE
);

-- v_model_state exists to provide a simple view over the states that are
-- needed to calculate a model's status.
CREATE VIEW v_model_state AS
SELECT
    m.uuid,
    cc.invalid AS cloud_credential_invalid,
    cc.invalid_reason AS cloud_credential_invalid_reason,
    IIF(mmi.model_uuid IS NOT NULL, TRUE, FALSE) AS migrating,
    IIF(l.id = 1, TRUE, FALSE) AS destroying
FROM model AS m
JOIN life AS l ON m.life_id = l.id
LEFT JOIN cloud_credential AS cc ON m.cloud_credential_uuid = cc.uuid
LEFT JOIN model_migration_import AS mmi ON m.uuid = mmi.model_uuid
WHERE m.activated = TRUE;

-- Lookup of export-side migration phases. Mirrors core/migration/phase.go,
-- minus UNKNOWN/NONE (code-only sentinels never written to the DB) and
-- PROCESSRELATIONS (vestigial phase with no actions attached).
CREATE TABLE model_migration_phase (
    id INT NOT NULL PRIMARY KEY,
    name TEXT NOT NULL
);

CREATE UNIQUE INDEX idx_model_migration_phase_name
ON model_migration_phase (name);

INSERT INTO model_migration_phase VALUES
(1, 'quiesce'),
(2, 'import'),
(3, 'validation'),
(4, 'success'),
(5, 'logtransfer'),
(6, 'reap'),
(7, 'reapfailed'),
(8, 'done'),
(9, 'abort'),
(10, 'abortdone');

-- One row per export migration attempt for a model. There is no attempt
-- counter: a retry is just a new migration with a new uuid.
--
-- current_phase_id and phase_changed_at are denormalised from
-- model_migration_export_phase so that watchers and "is this migration
-- active?" queries do not have to aggregate the history table on every
-- read. The history table remains the source of truth.
CREATE TABLE model_migration_export (
    uuid TEXT NOT NULL PRIMARY KEY,
    model_uuid TEXT NOT NULL,
    target_controller_uuid TEXT NOT NULL,
    current_phase_id INT NOT NULL,
    phase_changed_at TIMESTAMP NOT NULL,
    start_time TIMESTAMP NOT NULL,
    end_time TIMESTAMP,
    CONSTRAINT fk_model_migration_export_target_controller
    FOREIGN KEY (target_controller_uuid)
    REFERENCES external_controller (uuid),
    CONSTRAINT fk_model_migration_export_current_phase
    FOREIGN KEY (current_phase_id)
    REFERENCES model_migration_phase (id)
);

-- Hosted offer UUIDs captured before the source model DB is purged. REAP uses
-- these rows to delete source-controller offer permissions after the source
-- model row and model DB namespace have gone.
CREATE TABLE model_migration_export_offer (
    migration_uuid TEXT NOT NULL,
    offer_uuid TEXT NOT NULL,
    PRIMARY KEY (migration_uuid, offer_uuid),
    CONSTRAINT fk_model_migration_export_offer_migration
    FOREIGN KEY (migration_uuid)
    REFERENCES model_migration_export (uuid)
);

-- Standalone redirect snapshot for a model that has completed REAP. This table
-- deliberately has no FK to model, model_migration_export, or
-- external_controller because those rows may be removed while offline agents
-- still need redirect information from this source controller.
CREATE TABLE model_migration_redirect (
    model_uuid TEXT NOT NULL PRIMARY KEY,
    source_migration_uuid TEXT NOT NULL,
    target_controller_uuid TEXT NOT NULL,
    target_controller_alias TEXT,
    target_addresses TEXT NOT NULL,
    target_ca_cert TEXT NOT NULL,
    created_at TIMESTAMP NOT NULL,
    completed_at TIMESTAMP
);

-- Captured model access at migration time. The snapshot is intentionally
-- independent of the live permission rows, which are removed during REAP.
CREATE TABLE model_migration_redirect_user (
    model_uuid TEXT NOT NULL,
    user_uuid TEXT NOT NULL,
    user_name TEXT NOT NULL,
    access TEXT NOT NULL,
    PRIMARY KEY (model_uuid, user_uuid),
    CONSTRAINT fk_model_migration_redirect_user_redirect
    FOREIGN KEY (model_uuid)
    REFERENCES model_migration_redirect (model_uuid)
);

-- At most one active (non-terminal) export migration per model.
CREATE UNIQUE INDEX idx_model_migration_export_active_model
ON model_migration_export (model_uuid)
WHERE end_time IS NULL;

CREATE INDEX idx_model_migration_export_model
ON model_migration_export (model_uuid);

-- Per-migration authentication credentials for connecting to the target
-- controller. Held separately from external_controller because credentials
-- are per-migration (they may be rotated, scoped, or JIMM-issued tokens)
-- and external_controller is shared with the cross-model relations domain
-- whose connections do not use user-supplied credentials.
--
-- The dual FK (migration + external_controller) makes the relationship
-- explicit: a row here means "credentials for this migration to connect
-- to that external controller". The service layer is responsible for
-- ensuring the external_controller_uuid here matches the
-- target_controller_uuid on the parent model_migration_export row.
CREATE TABLE model_migration_export_target_auth (
    migration_uuid TEXT NOT NULL PRIMARY KEY,
    external_controller_uuid TEXT NOT NULL,
    target_user TEXT NOT NULL,
    target_password TEXT,
    target_macaroons TEXT,
    target_token TEXT,
    target_skip_user_checks BOOLEAN NOT NULL DEFAULT FALSE,
    CONSTRAINT fk_model_migration_export_target_auth_migration
    FOREIGN KEY (migration_uuid)
    REFERENCES model_migration_export (uuid),
    CONSTRAINT fk_model_migration_export_target_auth_external_controller
    FOREIGN KEY (external_controller_uuid)
    REFERENCES external_controller (uuid)
);

-- Time-ordered record of which phases an export migration has entered.
-- Each phase is entered at most once per migration, so (migration_uuid,
-- phase_id) is the natural key.
CREATE TABLE model_migration_export_phase (
    migration_uuid TEXT NOT NULL,
    phase_id INT NOT NULL,
    changed_at TIMESTAMP NOT NULL,
    PRIMARY KEY (migration_uuid, phase_id),
    CONSTRAINT fk_model_migration_export_phase_migration
    FOREIGN KEY (migration_uuid)
    REFERENCES model_migration_export (uuid),
    CONSTRAINT fk_model_migration_export_phase_phase
    FOREIGN KEY (phase_id)
    REFERENCES model_migration_phase (id)
);

CREATE INDEX idx_model_migration_export_phase_changed_at
ON model_migration_export_phase (migration_uuid, changed_at);

-- Free-form status messages reported by the migration master. Multiple
-- messages may be recorded within a single phase, hence a separate table
-- from model_migration_export_phase.
CREATE TABLE model_migration_export_status (
    uuid TEXT NOT NULL PRIMARY KEY,
    migration_uuid TEXT NOT NULL,
    message TEXT NOT NULL,
    recorded_at TIMESTAMP NOT NULL,
    CONSTRAINT fk_model_migration_export_status_migration
    FOREIGN KEY (migration_uuid)
    REFERENCES model_migration_export (uuid)
);

CREATE INDEX idx_model_migration_export_status_recorded_at
ON model_migration_export_status (migration_uuid, recorded_at);

-- Reports submitted by minion agents (machines/units) confirming or
-- failing the work for a given phase. entity_key is the agent's tag-like
-- identifier (e.g. "machine-0", "unit-foo-0").
CREATE TABLE model_migration_export_minion_sync (
    migration_uuid TEXT NOT NULL,
    phase_id INT NOT NULL,
    entity_key TEXT NOT NULL,
    success BOOLEAN NOT NULL,
    reported_at TIMESTAMP NOT NULL,
    PRIMARY KEY (migration_uuid, phase_id, entity_key),
    CONSTRAINT fk_model_migration_export_minion_sync_migration
    FOREIGN KEY (migration_uuid)
    REFERENCES model_migration_export (uuid),
    CONSTRAINT fk_model_migration_export_minion_sync_phase
    FOREIGN KEY (phase_id)
    REFERENCES model_migration_phase (id)
);

-- Add changelog triggers for the replacement export-side migration tables in
-- this post-patch. The legacy migration trigger functions are still applied
-- before this patch so the old triggers can be dropped above.
-- 
-- sqlfluff doesn't support TRIGGER statements
-- noqa: disable=all

-- insert namespace for ModelMigrationExport
INSERT INTO change_log_namespace VALUES (10019, 'model_migration_export', 'ModelMigrationExport changes based on model_uuid');

-- insert trigger for ModelMigrationExport
CREATE TRIGGER trg_log_model_migration_export_insert
AFTER INSERT ON model_migration_export FOR EACH ROW
BEGIN
    INSERT INTO change_log (edit_type_id, namespace_id, changed, created_at)
    VALUES (1, 10019, NEW.model_uuid, DATETIME('now', 'utc'));
END;

-- update trigger for ModelMigrationExport
CREATE TRIGGER trg_log_model_migration_export_update
AFTER UPDATE ON model_migration_export FOR EACH ROW
WHEN
    NEW.uuid != OLD.uuid OR
    NEW.model_uuid != OLD.model_uuid OR
    NEW.target_controller_uuid != OLD.target_controller_uuid OR
    NEW.current_phase_id != OLD.current_phase_id OR
    NEW.phase_changed_at != OLD.phase_changed_at OR
    NEW.start_time != OLD.start_time OR
    (NEW.end_time != OLD.end_time OR (NEW.end_time IS NOT NULL AND OLD.end_time IS NULL) OR (NEW.end_time IS NULL AND OLD.end_time IS NOT NULL))
BEGIN
    INSERT INTO change_log (edit_type_id, namespace_id, changed, created_at)
    VALUES (2, 10019, OLD.model_uuid, DATETIME('now', 'utc'));
END;

-- delete trigger for ModelMigrationExport
CREATE TRIGGER trg_log_model_migration_export_delete
AFTER DELETE ON model_migration_export FOR EACH ROW
BEGIN
    INSERT INTO change_log (edit_type_id, namespace_id, changed, created_at)
    VALUES (4, 10019, OLD.model_uuid, DATETIME('now', 'utc'));
END;

-- insert namespace for ModelMigrationExportPhase
INSERT INTO change_log_namespace VALUES (10020, 'model_migration_export_phase', 'ModelMigrationExportPhase changes based on migration_uuid');

-- insert trigger for ModelMigrationExportPhase
CREATE TRIGGER trg_log_model_migration_export_phase_insert
AFTER INSERT ON model_migration_export_phase FOR EACH ROW
BEGIN
    INSERT INTO change_log (edit_type_id, namespace_id, changed, created_at)
    VALUES (1, 10020, NEW.migration_uuid, DATETIME('now', 'utc'));
END;

-- update trigger for ModelMigrationExportPhase
CREATE TRIGGER trg_log_model_migration_export_phase_update
AFTER UPDATE ON model_migration_export_phase FOR EACH ROW
WHEN
    NEW.migration_uuid != OLD.migration_uuid OR
    NEW.phase_id != OLD.phase_id OR
    NEW.changed_at != OLD.changed_at
BEGIN
    INSERT INTO change_log (edit_type_id, namespace_id, changed, created_at)
    VALUES (2, 10020, OLD.migration_uuid, DATETIME('now', 'utc'));
END;

-- delete trigger for ModelMigrationExportPhase
CREATE TRIGGER trg_log_model_migration_export_phase_delete
AFTER DELETE ON model_migration_export_phase FOR EACH ROW
BEGIN
    INSERT INTO change_log (edit_type_id, namespace_id, changed, created_at)
    VALUES (4, 10020, OLD.migration_uuid, DATETIME('now', 'utc'));
END;

-- insert namespace for ModelMigrationExportStatus
INSERT INTO change_log_namespace VALUES (10021, 'model_migration_export_status', 'ModelMigrationExportStatus changes based on migration_uuid');

-- insert trigger for ModelMigrationExportStatus
CREATE TRIGGER trg_log_model_migration_export_status_insert
AFTER INSERT ON model_migration_export_status FOR EACH ROW
BEGIN
    INSERT INTO change_log (edit_type_id, namespace_id, changed, created_at)
    VALUES (1, 10021, NEW.migration_uuid, DATETIME('now', 'utc'));
END;

-- update trigger for ModelMigrationExportStatus
CREATE TRIGGER trg_log_model_migration_export_status_update
AFTER UPDATE ON model_migration_export_status FOR EACH ROW
WHEN
    NEW.uuid != OLD.uuid OR
    NEW.migration_uuid != OLD.migration_uuid OR
    NEW.message != OLD.message OR
    NEW.recorded_at != OLD.recorded_at
BEGIN
    INSERT INTO change_log (edit_type_id, namespace_id, changed, created_at)
    VALUES (2, 10021, OLD.migration_uuid, DATETIME('now', 'utc'));
END;

-- delete trigger for ModelMigrationExportStatus
CREATE TRIGGER trg_log_model_migration_export_status_delete
AFTER DELETE ON model_migration_export_status FOR EACH ROW
BEGIN
    INSERT INTO change_log (edit_type_id, namespace_id, changed, created_at)
    VALUES (4, 10021, OLD.migration_uuid, DATETIME('now', 'utc'));
END;

-- insert namespace for ModelMigrationExportMinionSync
INSERT INTO change_log_namespace VALUES (10022, 'model_migration_export_minion_sync', 'ModelMigrationExportMinionSync changes based on migration_uuid');

-- insert trigger for ModelMigrationExportMinionSync
CREATE TRIGGER trg_log_model_migration_export_minion_sync_insert
AFTER INSERT ON model_migration_export_minion_sync FOR EACH ROW
BEGIN
    INSERT INTO change_log (edit_type_id, namespace_id, changed, created_at)
    VALUES (1, 10022, NEW.migration_uuid, DATETIME('now', 'utc'));
END;

-- update trigger for ModelMigrationExportMinionSync
CREATE TRIGGER trg_log_model_migration_export_minion_sync_update
AFTER UPDATE ON model_migration_export_minion_sync FOR EACH ROW
WHEN
    NEW.migration_uuid != OLD.migration_uuid OR
    NEW.phase_id != OLD.phase_id OR
    NEW.entity_key != OLD.entity_key OR
    NEW.success != OLD.success OR
    NEW.reported_at != OLD.reported_at
BEGIN
    INSERT INTO change_log (edit_type_id, namespace_id, changed, created_at)
    VALUES (2, 10022, OLD.migration_uuid, DATETIME('now', 'utc'));
END;

-- delete trigger for ModelMigrationExportMinionSync
CREATE TRIGGER trg_log_model_migration_export_minion_sync_delete
AFTER DELETE ON model_migration_export_minion_sync FOR EACH ROW
BEGIN
    INSERT INTO change_log (edit_type_id, namespace_id, changed, created_at)
    VALUES (4, 10022, OLD.migration_uuid, DATETIME('now', 'utc'));
END;
-- noqa: enable=all
